{
  "Total" : {
    "transaction" : "Total",
    "sampleCount" : 4954,
    "errorCount" : 19,
    "errorPct" : 0.38352847,
    "meanResTime" : 9558.492935001996,
    "medianResTime" : 1615.0,
    "minResTime" : 46.0,
    "maxResTime" : 180650.0,
    "pct1ResTime" : 28978.5,
    "pct2ResTime" : 46738.75,
    "pct3ResTime" : 69960.84999999999,
    "throughput" : 27.323368815840276,
    "receivedKBytesPerSec" : 784.7301841459379,
    "sentKBytesPerSec" : 33.91689733743313
  },
  "HTTP Request" : {
    "transaction" : "HTTP Request",
    "sampleCount" : 4954,
    "errorCount" : 19,
    "errorPct" : 0.38352847,
    "meanResTime" : 9558.492935001996,
    "medianResTime" : 1615.0,
    "minResTime" : 46.0,
    "maxResTime" : 180650.0,
    "pct1ResTime" : 28978.5,
    "pct2ResTime" : 46738.75,
    "pct3ResTime" : 69960.84999999999,
    "throughput" : 27.323368815840276,
    "receivedKBytesPerSec" : 784.7301841459379,
    "sentKBytesPerSec" : 33.91689733743313
  }
}